Workbook

Sheet 00_开始这里
A1: Data v4.1 新人+AI闭环施工控制台｜先完成 Closure，再启动正式5天
A3: 阶段 | B3: 步骤 | C3: 新人动作 | D3: AI动作 | E3: 输出 | F3: 人工确认 | G3: PASS后 | H3: FAIL/BLOCKED后 | I3: 禁止 | J3: 是否计入5天 | K3: Prompt | L3: 预计 | M3: 状态
A4: Closure | B4: C0 | C4: 确认Data-A/Data-B/Data-R三个人工角色，签独立性声明 | D4: 检查角色冲突 | E4: independence_manifest.json | F4: Data-R | G4: C1 | H4: 不得启动双盲 | I4: AI不能充当第二人工标注者 | J4: 否 | K4: P06 | L4: 10min | M4: 未开始
A5: Closure | B5: C1 | C5: 盘点真实Legacy集合，不先假设=265 | D5: 扫描gold/processed/interim生成逐样本账本+logical dedup+fail-closed | E5: legacy_inventory_v4_full.jsonl + legacy_inventory_v4.json(summary) | F5: Data-R | G5: C2 | H5: 修inventory；未冻结不做重准入 | I5: 不得用Excel预留行数反推存量 | J5: 否 | K5: P01 | L5: 30-60min | M5: 未开始
A6: Closure | B6: C2 | C6: 检查旧sealed是否泄漏/模板污染 | D6: 生成seal audit | E6: seal_audit_v4.1.json (primary)；supporting: seal_revocation_record.json/leak_registry_patch.json/reseal_plan.json | F6: Data-R | G6: C3 | H6: 污染则REVOKE+RESEAL | I6: 不得覆盖旧seal | J6: 否 | K6: P02 | L6: 30min | M6: 未开始
A7: Closure | B7: C3 | C7: 检查SOP目标脚本是否真实存在 | D7: 生成tooling gap | E7: tooling_bootstrap_report.json | F7: Data-B/R | G7: C4 | H7: 先跑P2-A Tooling Bootstrap | I7: 不得假装脚本已执行 | J7: 否 | K7: P03 | L7: 30min | M7: 未开始
A8: Closure | B8: C4 | C8: 确认旧PR31的40条用途 | D8: 做trial reuse audit | E8: trial40_reuse_audit.json | F8: Data-R | G8: C5 | H8: 默认HISTORY_ONLY；重新抽40 | I8: 不得把已暴露样本直接当新blind calibration | J8: 否 | K8: P05 | L8: 20min | M8: 未开始
A9: Closure | B9: C5 | C9: 确认主仓M1/M2/M3输入及承诺 | D9: 登记依赖+owner+deadline+fallback+evidence locator（不含M1-KB/M2/M3提前全绿） | E9: main_dependency_gate.json | F9: Data-R | G9: 正式5天D1（M1最晚D1 10:30 PASS；未PASS则production business truth STOP） | H9: 可做安全并行任务 | I9: 不得伪造knowledge_id/Runtime | J9: 否 | K9: P70 | L9: 20min | M9: 未开始
A10: 正式5天 | B10: D1 | C10: Legacy-N重资格+Candidate工厂 | D10: 机器审计/候选生成 | E10: requal+candidates | F10: A/B/R | G10: D2 | H10: 按Stop-line返工 | I10: 不降Gate | J10: 是 | K10: P10/P11/P20-23 | L10: 6h/人 | M10: 未开始
A11: 正式5天 | B11: D2 | C11: 新抽40 Calibration双盲+Wave1 | D11: 结构辅助，不给答案 | E11: labels/calibration | F11: A/B/R | G11: D3 | H11: Kappa<0.70停Bulk | I11: A/B不得互看 | J11: 是 | K11: P40/P41/P42/P50 | L11: 6h/人 | M11: 未开始
A12: 正式5天 | B12: D3 | C12: Bulk主体+KB+Runtime dry-run | D12: 自动校验/分歧聚类 | E12: bulk+KB+M-gate | F12: A/B/R | G12: D4 | H12: M3不绿则Runtime BLOCKED | I12: 不把静态样本当Runtime | J12: 是 | K12: P42/P60/P70 | L12: 6h/人 | M12: 未开始
A13: 正式5天 | B13: D4 | C13: 完成剩余Gold+35 Runtime，16:45生产冻结 | D13: 日志解析/证据绑定 | E13: 785目标/Runtime evidence | F13: A/B/R | G13: D5 | H13: 只补P0缺口 | I13: 16:45后不扩普通量 | J13: 是 | K13: P42/P50/P60 | L13: 6h/人 | M13: 未开始
A14: 正式5天 | B14: D5 | C14: QA/回溯/Split/Seal/Release | D14: 全量机器QA+hash | E14: DATA_RELEASE_v4.1 | F14: Data-R | G14: 结束 | H14: 任一P0 FAIL则不发布 | I14: 主仓只消费APPROVED | J14: 是 | K14: P80/P90/P99 | L14: 6h/人 | M14: 未开始

Sheet 01_Closure_Q1-Q8
A1: v4.1 Closure Layer｜针对覆盖度检查 Q1-Q8 的确定性闭环
A3: Q | B3: 问题 | C3: 级别 | D3: v4.1确定规则 | E3: 机器输出 | F3: 人工签署 | G3: 阻塞什么 | H3: Fallback | I3: Prompt | J3: 状态 | K3: 证据 | L3: 备注
A4: Q1 | B4: Legacy范围/来源未与仓库存量对齐 | C4: P0 | D4: 先Inventory后命名Legacy-N；记录path/split/file_sha/sample_id/source/hash；Data-R签LEGACY_SET_FROZEN | E4: legacy_inventory_v4_full.jsonl + legacy_inventory_v4.json(summary) | F4: Data-R | G4: Legacy重准入/动态配额 | H4: 只做盘点，不做Gold | I4: P01 | J4: PENDING
A5: Q2 | B5: 旧sealed若污染无回滚重封 | C5: P0 | D5: 旧seal永不覆盖；标REVOKED；泄漏fingerprint入registry；新seal_generation重切/重hash；被暴露样本永不再进sealed | E5: seal_audit_v4.1.json (primary)；revocation/reseal为supporting | F5: Data-R | G5: 正式sealed/release | H5: 旧样本可经审计转dev/reg，但不回sealed | I5: P02 | J5: PENDING
A6: Q3 | B6: SOP脚本未实现 | C6: P0 | D6: 5天时钟前跑P2-A Tooling Bootstrap；不存在脚本返回NEEDS_IMPLEMENTATION；最小工具通过单测/幂等/raw只读后才可进流水线 | E6: tooling_bootstrap_report.json | F6: Data-B+R | G6: 机械流水线 | H6: 人工临时流程仅限P0且必须留证据 | I6: P03 | J6: PENDING
A7: Q4 | B7: KB400/knowledge_id依赖主仓 | C7: P0外部 | D7: Contract未FROZEN时只用local_candidate_id；production knowledge_id禁止猜；KB_CONTRACT_FROZEN后批量绑定并重验 | E7: kb_binding_report.json | F7: Data-R/Main-E | G7: Retrieval final | H7: 非Retrieval可继续 | I7: P70 | J7: PENDING
A8: Q5 | B8: Runtime35依赖M1/M2/M3 | C8: P0外部 | D8: D3 18:00前M1/M2/M3全PASS才放行Runtime；否则160 Runtime Gold=BLOCKED_EXTERNAL，不计完成 | E8: main_dependency_gate.json | F8: Data-R | G8: Tool/E2E Runtime Gold | H8: 625非Runtime Gold+400KB可继续 | I8: P70 | J8: PENDING
A9: Q6 | B9: 现有PR31 40是否复用 | C9: P1 | D9: DEFAULT=HISTORY_ONLY；正式默认路线=fresh40；EXCEPTION=P05全条件PASS + Data-R显式批准（非默认排程） | E9: trial40_reuse_audit.json | F9: Data-R | G9: Calibration | H9: 重新抽40 | I9: P05 | J9: PENDING
A10: Q7 | B10: Legacy处置与785目标未联动 | C10: P1 | D10: 每任务 new_needed=max(target-accepted_legacy,0)；candidate_needed=ceil(new_needed*1.30)；Runtime目标不由legacy静态样本抵扣 | E10: quota_plan_v4.1.csv | F10: Data-R | G10: 候选工厂规模 | H10: 按任务自动计算 | I10: P04 | J10: PENDING
A11: Q8 | B11: 单人/AI兼任A+B冲突 | C11: P0治理 | D11: A/B必须两个不同人工；R第三人；AI只能NO-ANSWER辅助。任何兼任→正式双盲Gate FAIL；无法豁免为正式Gold | E11: independence_manifest.json | F11: Data-R | G11: Calibration/Bulk/正式Gold | H11: 仅可标SINGLE_REVIEW/UNVERIFIED，不计正式双盲Gold | I11: P06 | J11: PENDING

Sheet 02_LegacyInventory
A1: SOP-C1｜Legacy Inventory：先冻结真实集合，再做Legacy-N重准入
A3: Row | B3: repo_ref | C3: layer | D3: split | E3: file_path | F3: file_sha256 | G3: line_no | H3: sample_id | I3: task_type | J3: source | K3: sample_fingerprint | L3: label_exposed | M3: template_family | N3: inventory_status | O3: Data-R签署 | P3: 备注 | R3: KPI | S3: 公式/值
A4: 1 | L4: 待确认 | N4: PENDING | O4: 待确认 | R4: Inventory行数 | S4: =COUNTIF(H4:H503,"<>")
A5: 2 | L5: 待确认 | N5: PENDING | O5: 待确认 | R5: IN_SCOPE | S5: =COUNTIF(N4:N503,"IN_SCOPE")
A6: 3 | L6: 待确认 | N6: PENDING | O6: 待确认 | R6: 已暴露 | S6: =COUNTIFS(N4:N503,"IN_SCOPE",L4:L503,"已暴露")
A7: 4 | L7: 待确认 | N7: PENDING | O7: 待确认 | R7: 未暴露 | S7: =COUNTIFS(N4:N503,"IN_SCOPE",L4:L503,"未暴露")
A8: 5 | L8: 待确认 | N8: PENDING | O8: 待确认 | R8: 签署行 | S8: =COUNTIFS(N4:N503,"IN_SCOPE",O4:O503,"是")
A9: 6 | L9: 待确认 | N9: PENDING | O9: 待确认 | R9: Legacy集合状态 | S9: =IF(AND(S5>0,S5=S8),"LEGACY_SET_FROZEN","NOT_FROZEN")
A10: 7 | L10: 待确认 | N10: PENDING | O10: 待确认
A11: 8 | L11: 待确认 | N11: PENDING | O11: 待确认
A12: 9 | L12: 待确认 | N12: PENDING | O12: 待确认
A13: 10 | L13: 待确认 | N13: PENDING | O13: 待确认
A14: 11 | L14: 待确认 | N14: PENDING | O14: 待确认
A15: 12 | L15: 待确认 | N15: PENDING | O15: 待确认
A16: 13 | L16: 待确认 | N16: PENDING | O16: 待确认
A17: 14 | L17: 待确认 | N17: PENDING | O17: 待确认
A18: 15 | L18: 待确认 | N18: PENDING | O18: 待确认
A19: 16 | L19: 待确认 | N19: PENDING | O19: 待确认
A20: 17 | L20: 待确认 | N20: PENDING | O20: 待确认
A21: 18 | L21: 待确认 | N21: PENDING | O21: 待确认
... A503: 500 | L503: 待确认 | N503: PENDING | O503: 待确认

Sheet 03_LegacyRequal
A1: SOP-01｜Legacy-N重资格：只处理02中IN_SCOPE且已冻结的样本
A3: Row | B3: sample_id | C3: task_type | D3: split_old | E3: label_exposed | F3: G1_Prov | G3: G2_Semantic | H3: G3_Annotatable | I3: G4_Schema | J3: G5_Diversity | K3: Leak | L3: AI_proposal | M3: Human_decision | N3: Reason_code | O3: target_task_type | P3: new_sample_id | Q3: Reviewer_check | R3: 状态 | S3: Split_eligibility
A4: 1 | F4: PENDING | G4: PENDING | H4: PENDING | I4: PENDING | J4: PENDING | K4: 待确认 | L4: =IF(B4="","",IF(OR(F4="FAIL",K4="泄漏"),"DROP",IF(G4="FAIL","RELABEL",IF(OR(H4="FAIL",I4="FAIL",J4="FAIL"),"REWORK",IF(COUNTIF(F4:J4,"PENDING")>0,"PENDING","REUSE"))))) | M4: PENDING | Q4: 待确认 | R4: 未开始 | S4: =IF(B4="","",IF(E4="已暴露","DEV_REG_ONLY","ANY"))
A5: 2 | F5: PENDING | G5: PENDING | H5: PENDING | I5: PENDING | J5: PENDING | K5: 待确认 | L5: =IF(B5="","",IF(OR(F5="FAIL",K5="泄漏"),"DROP",IF(G5="FAIL","RELABEL",IF(OR(H5="FAIL",I5="FAIL",J5="FAIL"),"REWORK",IF(COUNTIF(F5:J5,"PENDING")>0,"PENDING","REUSE"))))) | M5: PENDING | Q5: 待确认 | R5: 未开始 | S5: =IF(B5="","",IF(E5="已暴露","DEV_REG_ONLY","ANY"))
A6: 3 | F6: PENDING | G6: PENDING | H6: PENDING | I6: PENDING | J6: PENDING | K6: 待确认 | L6: =IF(B6="","",IF(OR(F6="FAIL",K6="泄漏"),"DROP",IF(G6="FAIL","RELABEL",IF(OR(H6="FAIL",I6="FAIL",J6="FAIL"),"REWORK",IF(COUNTIF(F6:J6,"PENDING")>0,"PENDING","REUSE"))))) | M6: PENDING | Q6: 待确认 | R6: 未开始 | S6: =IF(B6="","",IF(E6="已暴露","DEV_REG_ONLY","ANY"))
A7: 4 | F7: PENDING | G7: PENDING | H7: PENDING | I7: PENDING | J7: PENDING | K7: 待确认 | L7: =IF(B7="","",IF(OR(F7="FAIL",K7="泄漏"),"DROP",IF(G7="FAIL","RELABEL",IF(OR(H7="FAIL",I7="FAIL",J7="FAIL"),"REWORK",IF(COUNTIF(F7:J7,"PENDING")>0,"PENDING","REUSE"))))) | M7: PENDING | Q7: 待确认 | R7: 未开始 | S7: =IF(B7="","",IF(E7="已暴露","DEV_REG_ONLY","ANY"))
A8: 5 | F8: PENDING | G8: PENDING | H8: PENDING | I8: PENDING | J8: PENDING | K8: 待确认 | L8: =IF(B8="","",IF(OR(F8="FAIL",K8="泄漏"),"DROP",IF(G8="FAIL","RELABEL",IF(OR(H8="FAIL",I8="FAIL",J8="FAIL"),"REWORK",IF(COUNTIF(F8:J8,"PENDING")>0,"PENDING","REUSE"))))) | M8: PENDING | Q8: 待确认 | R8: 未开始 | S8: =IF(B8="","",IF(E8="已暴露","DEV_REG_ONLY","ANY"))
A9: 6 | F9: PENDING | G9: PENDING | H9: PENDING | I9: PENDING | J9: PENDING | K9: 待确认 | L9: =IF(B9="","",IF(OR(F9="FAIL",K9="泄漏"),"DROP",IF(G9="FAIL","RELABEL",IF(OR(H9="FAIL",I9="FAIL",J9="FAIL"),"REWORK",IF(COUNTIF(F9:J9,"PENDING")>0,"PENDING","REUSE"))))) | M9: PENDING | Q9: 待确认 | R9: 未开始 | S9: =IF(B9="","",IF(E9="已暴露","DEV_REG_ONLY","ANY"))
A10: 7 | F10: PENDING | G10: PENDING | H10: PENDING | I10: PENDING | J10: PENDING | K10: 待确认 | L10: =IF(B10="","",IF(OR(F10="FAIL",K10="泄漏"),"DROP",IF(G10="FAIL","RELABEL",IF(OR(H10="FAIL",I10="FAIL",J10="FAIL"),"REWORK",IF(COUNTIF(F10:J10,"PENDING")>0,"PENDING","REUSE"))))) | M10: PENDING | Q10: 待确认 | R10: 未开始 | S10: =IF(B10="","",IF(E10="已暴露","DEV_REG_ONLY","ANY"))
A11: 8 | F11: PENDING | G11: PENDING | H11: PENDING | I11: PENDING | J11: PENDING | K11: 待确认 | L11: =IF(B11="","",IF(OR(F11="FAIL",K11="泄漏"),"DROP",IF(G11="FAIL","RELABEL",IF(OR(H11="FAIL",I11="FAIL",J11="FAIL"),"REWORK",IF(COUNTIF(F11:J11,"PENDING")>0,"PENDING","REUSE"))))) | M11: PENDING | Q11: 待确认 | R11: 未开始 | S11: =IF(B11="","",IF(E11="已暴露","DEV_REG_ONLY","ANY"))
A12: 9 | F12: PENDING | G12: PENDING | H12: PENDING | I12: PENDING | J12: PENDING | K12: 待确认 | L12: =IF(B12="","",IF(OR(F12="FAIL",K12="泄漏"),"DROP",IF(G12="FAIL","RELABEL",IF(OR(H12="FAIL",I12="FAIL",J12="FAIL"),"REWORK",IF(COUNTIF(F12:J12,"PENDING")>0,"PENDING","REUSE"))))) | M12: PENDING | Q12: 待确认 | R12: 未开始 | S12: =IF(B12="","",IF(E12="已暴露","DEV_REG_ONLY","ANY"))
A13: 10 | F13: PENDING | G13: PENDING | H13: PENDING | I13: PENDING | J13: PENDING | K13: 待确认 | L13: =IF(B13="","",IF(OR(F13="FAIL",K13="泄漏"),"DROP",IF(G13="FAIL","RELABEL",IF(OR(H13="FAIL",I13="FAIL",J13="FAIL"),"REWORK",IF(COUNTIF(F13:J13,"PENDING")>0,"PENDING","REUSE"))))) | M13: PENDING | Q13: 待确认 | R13: 未开始 | S13: =IF(B13="","",IF(E13="已暴露","DEV_REG_ONLY","ANY"))
A14: 11 | F14: PENDING | G14: PENDING | H14: PENDING | I14: PENDING | J14: PENDING | K14: 待确认 | L14: =IF(B14="","",IF(OR(F14="FAIL",K14="泄漏"),"DROP",IF(G14="FAIL","RELABEL",IF(OR(H14="FAIL",I14="FAIL",J14="FAIL"),"REWORK",IF(COUNTIF(F14:J14,"PENDING")>0,"PENDING","REUSE"))))) | M14: PENDING | Q14: 待确认 | R14: 未开始 | S14: =IF(B14="","",IF(E14="已暴露","DEV_REG_ONLY","ANY"))
A15: 12 | F15: PENDING | G15: PENDING | H15: PENDING | I15: PENDING | J15: PENDING | K15: 待确认 | L15: =IF(B15="","",IF(OR(F15="FAIL",K15="泄漏"),"DROP",IF(G15="FAIL","RELABEL",IF(OR(H15="FAIL",I15="FAIL",J15="FAIL"),"REWORK",IF(COUNTIF(F15:J15,"PENDING")>0,"PENDING","REUSE"))))) | M15: PENDING | Q15: 待确认 | R15: 未开始 | S15: =IF(B15="","",IF(E15="已暴露","DEV_REG_ONLY","ANY"))
... A503: 500 | F503: PENDING | G503: PENDING | H503: PENDING | I503: PENDING | J503: PENDING | K503: 待确认 | L503: =IF(B503="","",IF(OR(F503="FAIL",K503="泄漏"),"DROP",IF(G503="FAIL","RELABEL",IF(OR(H503="FAIL",I503="FAIL",J503="FAIL"),"REWORK",IF(COUNTIF(F503:J503,"PENDING")>0,"PENDING","REUSE"))))) | M503: PENDING | Q503: 待确认 | R503: 未开始 | S503: =IF(B503="","",IF(E503="已暴露","DEV_REG_ONLY","ANY"))

Sheet 04_动态配额
A1: Q7闭环｜Legacy accepted 自动抵扣785目标；候选池按缺口×1.30计算
A3: 任务 | B3: 正式目标 | C3: Accepted Legacy | D3: 新Gold缺口 | E3: 候选倍率 | F3: Candidate需求 | G3: Legacy可抵扣? | H3: 困难比例 | I3: 困难数下限 | J3: 来源约束 | K3: 备注
A4: Preference | B4: 225 | C4: =COUNTIFS('03_LegacyRequal'!$O$4:$O$503,A4,'03_LegacyRequal'!$R$4:$R$503,"完成",'03_LegacyRequal'!$M$4:$M$503,"REUSE")+COUNTIFS('03_LegacyRequal'!$O$4:$O$503,A4,'03_LegacyRequal'!$R$4:$R$503,"完成",'03_LegacyRequal'!$M$4:$M$503,"REWORK")+COUNTIFS('03_LegacyRequal'!$O$4:$O$503,A4,'03_LegacyRequal'!$R$4:$R$503,"完成",'03_LegacyRequal'!$M$4:$M$503,"RELABEL") | D4: =MAX(0,B4-C4) | E4: 1.3 | F4: =ROUNDUP(D4*E4,0) | G4: 是 | H4: 0.25 | I4: =ROUNDUP(B4*H4,0) | J4: Public+OS
A5: Retrieval Query | B5: 175 | C5: =COUNTIFS('03_LegacyRequal'!$O$4:$O$503,A5,'03_LegacyRequal'!$R$4:$R$503,"完成",'03_LegacyRequal'!$M$4:$M$503,"REUSE")+COUNTIFS('03_LegacyRequal'!$O$4:$O$503,A5,'03_LegacyRequal'!$R$4:$R$503,"完成",'03_LegacyRequal'!$M$4:$M$503,"REWORK")+COUNTIFS('03_LegacyRequal'!$O$4:$O$503,A5,'03_LegacyRequal'!$R$4:$R$503,"完成",'03_LegacyRequal'!$M$4:$M$503,"RELABEL") | D5: =MAX(0,B5-C5) | E5: 1.3 | F5: =ROUNDUP(D5*E5,0) | G5: 是 | H5: 0.3 | I5: =ROUNDUP(B5*H5,0) | J5: Public+OS
A6: Conflict | B6: 125 | C6: =COUNTIFS('03_LegacyRequal'!$O$4:$O$503,A6,'03_LegacyRequal'!$R$4:$R$503,"完成",'03_LegacyRequal'!$M$4:$M$503,"REUSE")+COUNTIFS('03_LegacyRequal'!$O$4:$O$503,A6,'03_LegacyRequal'!$R$4:$R$503,"完成",'03_LegacyRequal'!$M$4:$M$503,"REWORK")+COUNTIFS('03_LegacyRequal'!$O$4:$O$503,A6,'03_LegacyRequal'!$R$4:$R$503,"完成",'03_LegacyRequal'!$M$4:$M$503,"RELABEL") | D6: =MAX(0,B6-C6) | E6: 1.3 | F6: =ROUNDUP(D6*E6,0) | G6: 是 | H6: 0.35 | I6: =ROUNDUP(B6*H6,0) | J6: Public+OS
A7: Forgetting | B7: 100 | C7: =COUNTIFS('03_LegacyRequal'!$O$4:$O$503,A7,'03_LegacyRequal'!$R$4:$R$503,"完成",'03_LegacyRequal'!$M$4:$M$503,"REUSE")+COUNTIFS('03_LegacyRequal'!$O$4:$O$503,A7,'03_LegacyRequal'!$R$4:$R$503,"完成",'03_LegacyRequal'!$M$4:$M$503,"REWORK")+COUNTIFS('03_LegacyRequal'!$O$4:$O$503,A7,'03_LegacyRequal'!$R$4:$R$503,"完成",'03_LegacyRequal'!$M$4:$M$503,"RELABEL") | D7: =MAX(0,B7-C7) | E7: 1.3 | F7: =ROUNDUP(D7*E7,0) | G7: 是 | H7: 0.3 | I7: =ROUNDUP(B7*H7,0) | J7: Public+OS
A8: Tool Result | B8: 125 | C8: =0 | D8: =MAX(0,B8-C8) | E8: 1 | F8: =D8 | G8: 否 | H8: 0.3 | I8: =ROUNDUP(B8*H8,0) | J8: Runtime固定 | K8: Runtime静态Legacy不得抵扣；由Gold-eligible session实际事件产生
A9: E2E | B9: 35 | C9: =0 | D9: =MAX(0,B9-C9) | E9: 1 | F9: =D9 | G9: 否 | H9: 0.4 | I9: =ROUNDUP(B9*H9,0) | J9: Runtime固定 | K9: Runtime静态Legacy不得抵扣；由Gold-eligible session实际事件产生
A10: Gold合计 | B10: 785 | C10: =SUM(C4:C9) | D10: =SUM(D4:D9) | E10: — | F10: =SUM(F4:F9) | G10: — | H10: — | I10: =SUM(I4:I9) | J10: Public/OS/Runtime
A12: 对象 | B12: 目标 | C12: Accepted/现状 | D12: 新增缺口 | E12: 候选倍率 | F12: Candidate需求
A13: Memory KB | B13: 400 | C13: 0 | D13: =MAX(0,B13-C13) | E13: 1.3 | F13: =ROUNDUP(D13*E13,0)
A14: Runtime Gold-eligible Sessions | B14: 35 | C14: 0 | D14: =MAX(0,B14-C14) | E14: 1 | F14: =D14
A15: Runtime Script Pool | B15: 45 | C15: 0 | D15: 45 | E15: 1 | F15: 45
A16: Calibration fresh | B16: 40 | C16: 0 | D16: 40 | E16: 1 | F16: 40

Sheet 05_Seal撤销重封
A1: Q2闭环｜Seal Generation不可覆盖：污染就REVOKE，新代次重封
A3: seal_generation | B3: created_at | C3: status | D3: dataset_version | E3: split_manifest_sha | F3: sealed_sha | G3: revocation_reason | H3: exposed_sample_count | I3: fingerprints_registered | J3: parent_seal | K3: replacement_seal | L3: Data-R签署 | M3: 主仓通知 | N3: 备注 | P3: 步骤 | Q3: 触发 | R3: 动作 | S3: 旧样本去向 | T3: 新sealed要求 | U3: 禁止
P4: 1 Audit | Q4: 模板污染/label暴露/leak命中 | R4: 冻结旧seal写入revocation_reason | S4: 加入leak registry | T4: 新内容/新template/source_group | U4: 覆盖旧目录
P5: 2 Revoke | Q5: 确认污染 | R5: status=REVOKED；保留旧hash | S5: 可经G1-G5审计转dev/reg | T5: 不得回到sealed | U5: 删除历史记录
P6: 3 Register Leak | Q6: 旧sealed已暴露 | R6: 登记sample/input/evidence/raw/template fingerprints | S6: 用于未来G5 | T6: 0 unresolved leak | U6: 只登记ID不登记内容指纹
P7: 4 Reseal | Q7: 从Admission PASS池重切 | R7: new seal_generation + parent_seal | S7: 旧暴露样本排除 | T7: 新split/hash/read-only | U7: 复用已暴露Gold
P8: 5 Notify | Q8: 新seal APPROVED | R8: 通知主仓旧代次不可用于正式指标 | S8: 主仓保留历史 | T8: compat ACK | U8: 静默换版本

Sheet 06_P2A_Tooling
A1: Q3闭环｜P2-A Data Factory Tooling Bootstrap（正式5天时钟前）
A3: Tool ID | B3: 目标脚本 | C3: 功能 | D3: 输入 | E3: 输出 | F3: 必须测试 | G3: 幂等 | H3: raw只读 | I3: 退出码 | J3: Owner | K3: 存在? | L3: 状态 | M3: 最晚 | N3: 备注
A4: T01 | B4: preflight.py | C4: 环境/接口/版本检查 | D4: workspace | E4: preflight_report.json | F4: 缺文件/错误状态 | G4: 是 | H4: 是 | I4: 0/2/3 | J4: B | K4: 待确认 | L4: 未开始 | M4: Day0
A5: T02 | B5: inventory_legacy.py | C5: 仓库存量盘点+hash | D5: repo/data paths | E5: legacy_inventory_v4.json | F5: 重复文件/空文件/多split | G5: 是 | H5: 是 | I5: 0/2 | J5: B | K5: 待确认 | L5: 未开始 | M5: Day0
A6: T03 | B6: provenance_resolver.py | C6: raw locator/license/source闭环 | D6: candidate | E6: prov report | F6: missing locator/license | G6: 是 | H6: 是 | I6: 0/2 | J6: B | K6: 待确认 | L6: 未开始 | M6: Day0
A7: T04 | B7: dedup_scan.py | C7: exact+near+template/source分布 | D7: candidate | E7: dedup report | F7: exact/near threshold | G7: 是 | H7: 是 | I7: 0/2 | J7: B | K7: 待确认 | L7: 未开始 | M7: Day0
A8: T05 | B8: leakage_scan.py | C8: ID/content/evidence/raw/template fingerprint | D8: candidate+registry | E8: leak report | F8: 已知泄漏命中 | G8: 是 | H8: 是 | I8: 0/2 | J8: B | K8: 待确认 | L8: 未开始 | M8: Day0
A9: T06 | B9: admission_gate.py | C9: 汇总G1-G5并fail-closed | D9: candidate+reports | E9: admission_result.csv | F9: 任一FAIL阻断 | G9: 是 | H9: 是 | I9: 0/2 | J9: B/R | K9: 待确认 | L9: 未开始 | M9: Day0
A10: T07 | B10: build_blind_packets.py | C10: 剥离答案+双随机包 | D10: Admission PASS | E10: context_A/B + manifest | F10: 泄漏检查/hash | G10: 是 | H10: 是 | I10: 0/2 | J10: B/R | K10: 待确认 | L10: 未开始 | M10: Day0
A11: T08 | B11: validate_labels.py | C11: 结构/枚举/required校验 | D11: A或B label | E11: label_validation | F11: 缺字段/非法枚举 | G11: 是 | H11: 是 | I11: 0/2 | J11: B | K11: 待确认 | L11: 未开始 | M11: D1前
A12: T09 | B12: disagreement_report.py | C12: 只聚类差异不写final | D12: A+B labels | E12: reviewer_queue.csv | F12: 同类>=3 alert | G12: 是 | H12: 是 | I12: 0/2 | J12: B/R | K12: 待确认 | L12: 未开始 | M12: D1前
A13: T10 | B13: runtime_import.py | C13: 真实trace→Tool/E2E证据 | D13: runtime logs | E13: runtime_parse.json | F13: 缺trace/side-effect | G13: 是 | H13: 是 | I13: 0/2 | J13: B | K13: 待确认 | L13: 未开始 | M13: D3前
A14: T11 | B14: split_grouped.py | C14: group 50/20/30 | D14: final Gold | E14: split manifest | F14: group跨split=0 | G14: 是 | H14: 是 | I14: 0/2 | J14: B/R | K14: 待确认 | L14: 未开始 | M14: D4前
A15: T12 | B15: seal_release.py | C15: hash/read-only/manifest/revoke | D15: approved final | E15: release artifacts | F15: hash/reseal | G15: 是 | H15: 是 | I15: 0/2 | J15: B/R | K15: 待确认 | L15: 未开始 | M15: D5前

Sheet 07_Calibration衔接
A1: Q6闭环｜PR31现有40条默认HISTORY_ONLY，新v4.1重新抽40
A3: Set | B3: 来源/路径 | C3: 样本数 | D3: Gold/标签是否暴露 | E3: Context符合v4.1? | F3: A/B真双盲可证明? | G3: Schema一致? | H3: Leak registry命中? | I3: 允许用途 | J3: 是否进入新Calibration | K3: Data-R结论 | L3: 证据 | M3: 备注
A4: PR31_trial_v3 | B4: PR31现有trial/context/labels | C4: 40 | D4: 待确认 | E4: 待确认 | F4: 待确认 | G4: 待确认 | H4: 待确认 | I4: HISTORY_ONLY / guideline regression | J4: 否 | K4: HISTORY_ONLY | M4: 默认不复用
A5: v4.1_calib_fresh | B5: 从Admission PASS中重新抽取 | C5: 40 | D5: 否 | E5: 是 | F5: 是 | G5: 是 | H5: 否 | I5: 正式Calibration | J5: 是 | K5: PENDING
A6: 例外迁移 | B6: 仅当能严格证明从未暴露答案/标签 | C6: <=40 | D6: 否 | E6: 是 | F6: 是 | G6: 是 | H6: 否 | I6: 可作为fresh替代的一部分 | J6: 待Reviewer | K6: PENDING | M6: 不建议默认走
A7: 历史用途 | B7: PR31 40可用于规则缺陷复现、工具回归、文档比较 | C7: 40 | D7: 不影响 | E7: — | F7: — | G7: — | H7: — | I7: 非正式blind | J7: 否 | K7: HISTORY_ONLY

Sheet 08_人工独立性
A1: Q8闭环｜A/B/R三个人工独立：AI永远不能补成人数
A3: 角色 | B3: 人工成员ID/姓名 | C3: Git/账号 | D3: 可看A标签 | E3: 可看B标签 | F3: 可写final_label | G3: 可看sealed答案 | H3: AI可否替代 | I3: 签署时间 | J3: 冲突检查 | K3: 状态 | L3: 备注
A4: Data-A | D4: 是 | E4: 否 | F4: 否 | G4: 否 | H4: 否 | J4: PENDING | K4: 未开始 | L4: Annotator A
A5: Data-B | D5: 否 | E5: 是 | F5: 否 | G5: 否 | H5: 否 | J5: PENDING | K5: 未开始 | L5: Annotator B
A6: Data-R | D6: 提交后可看 | E6: 提交后可看 | F6: 是 | G6: 是 | H6: 否 | J6: PENDING | K6: 未开始 | L6: Reviewer
A9: 违规场景 | B9: 正式双盲结果 | C9: 允许标记 | D9: 能否计正式Gold | E9: 恢复方法 | F9: 备注
A10: 同一人工兼任A+B | B10: FAIL | C10: SINGLE_REVIEW | D10: 否 | E10: 另找第二人工独立重标 | F10: 无Reviewer豁免
A11: AI作为B、人工作为A | B11: FAIL | C11: AI_ASSISTED_SINGLE_REVIEW | D11: 否 | E11: 第二人工独立重标 | F11: AI不能补人数
A12: Reviewer提前给A/B答案 | B12: FAIL | C12: CONTAMINATED | D12: 否 | E12: 换未暴露样本重新blind | F12: 样本进leak registry
A13: A/B互看标签后修改 | B13: FAIL | C13: CONTAMINATED | D13: 否 | E13: 重新抽/重标 | F13: 保留污染证据
A14: A/B同一人但不同AI会话 | B14: FAIL | C14: SINGLE_REVIEW | D14: 否 | E14: 第二人工 | F14: 独立会话≠独立人工
A15: 三人独立并按blind权限执行 | B15: PASS | C15: FORMAL_DOUBLE_BLIND | D15: 是 | E15: — | F15: 目标状态

Sheet 09_主仓依赖Gate
A1: Q4/Q5闭环｜Main Dependency Gate：主仓未冻结就显式BLOCKED，不伪造
A3: Gate | B3: 依赖包 | C3: 最低PASS | D3: 最晚 | E3: Main Owner | F3: Data Owner | G3: 状态 | H3: 阻塞对象 | I3: 安全并行工作 | J3: AI返回码 | K3: 人工签署 | L3: 证据 | M3: 备注
A4: M1 | B4: SchemaSnapshot | C4: Canonical status=FROZEN；enum/scope/aliases/unknown policy；main_commit | D4: D1 10:30 | E4: Main-E/Liaison | F4: R | G4: PENDING | H4: 正式Gold语义转换 | I4: Inventory/Prov/Candidate草案 | J4: BLOCKED_MAIN_CONTRACT | K4: 待确认
A5: M1-KB | B5: KB Import Contract | C5: knowledge_id/version/status/user/scope/import schema FROZEN | D5: D2 12:00 | E5: Main-B/E | F5: R | G5: PENDING | H5: Retrieval final/KB production binding | I5: local_candidate_id候选 | J5: BLOCKED_KB_CONTRACT | K5: 待确认
A6: M2 | B6: Data RC Ready | C6: 主仓可导入小RC并输出可解释结果；memory.retrieve/业务接口结构兼容 | D6: D3 12:00 | E6: Main-B/C/D/E | F6: R | G6: PENDING | H6: 正式跨仓RC | I6: 非主仓依赖标注 | J6: BLOCKED_MAIN_RC | K6: 待确认
A7: M3 | B7: Runtime Ready | C7: Frozen Build+Kylin snapshot+runner+trace/evidence路径；同commit可复现 | D7: D3 18:00 | E7: Main-D/C/E | F7: R | G7: PENDING | H7: 35 Runtime/160 Gold | I7: 625非Runtime Gold+400KB | J7: BLOCKED_RUNTIME | K7: 待确认

Sheet 10_任务判定矩阵
A1: 六类任务机械规则｜与v4一致，v4.1新增Closure前置
A3: 任务 | B3: 第一问 | C3: 第二问 | D3: PASS | E3: 可转边界/负例 | F3: 直接FAIL/DROP | G3: Gold必备 | H3: AI允许 | I3: AI禁止 | J3: 困难比例 | K3: Owner | L3: 备注
A4: Preference | B4: 未来持续/重复? | C4: 偏好还是本次约束? | D4: persistent/approved implicit | E4: temporary/task_constraint/ordinary/non-preference | F4: 纯普通问答且无价值 | G4: scope,key,value,evidence,status | H4: 提议类别/找证据 | I4: 正式样本答案 | J4: 25% | K4: A
A5: Retrieval | B5: 有可证相关Memory? | C5: current/same-user/allowed? | D5: positive_answerable | E5: stale/cross-user/sensitive/removed/hard-negative | F5: 无KB/qrel可复现证据 | G5: query,relevant_ids,KB version/status/user/scope | H5: hard negative建议 | I5: 猜relevant_ids | J5: 30% | K5: B
A6: Conflict | B6: 左右能同时成立? | C6: 若不能，basis是什么? | D6: actual_conflict+basis | E6: coexist/history/non-conflict | F6: 仅old/new无矛盾 | G6: left/right evidence,time/version,basis | H6: 找候选矛盾 | I6: 顺序即冲突 | J6: 35% | K6: A
A7: Forgetting | B7: target明确? | C7: must_keep可验证? | D7: 5种mode正式样本 | E7: ambiguous selector | F7: 无target或must_keep | G7: inventory,target,must_keep,checkpoints | H7: 构造inventory草案 | I7: 只写忘记X | J7: 30% | K7: A
A8: Tool Result | B8: 真实Runtime? | C8: status+side-effect可证? | D8: 5种actual status | E8: 真实失败态即负例 | F8: 静态推断冒充Runtime | G8: trace,status,side-effect,evidence | H8: 解析日志 | I8: expected=actual | J8: 30% | K8: B | L8: 非success>=40%
A9: E2E | B9: 真实场景链? | C9: 多checkpoint/memory变化? | D9: runtime_verified | E9: runtime_unverified candidate | F9: 单问句/截断question | G9: steps,memory,state,response,trace | H9: 生成scenario script | I9: 静态question当Gold | J9: 40% | K9: B

Sheet 11_Admission
A1: Admission Gate｜任何FAIL不得进入Blind
A3: Gate | B3: PASS | C3: 自动/人工 | D3: 阈值 | E3: FAIL后 | F3: 输出 | G3: Owner | H3: 状态 | I3: 是否可豁免 | J3: reason code示例 | K3: 证据 | L3: 备注 | M3: 备注2
A4: G1 Provenance | B4: raw/source/license/version/locator或generation manifest完整 | C4: 自动+人工 | D4: unresolved=0 | E4: REWORK/DROP | F4: prov report | G4: B/R | H4: PENDING | I4: 否 | J4: PROV_UNRESOLVED
A5: G2 Semantic | B5: 符合任务矩阵/合法负例 | C5: 人工100% | D5: 100%人确认 | E5: RELABEL/DROP | F5: semantic review | G5: A/B | H5: PENDING | I5: 否 | J5: SEM_*
A6: G3 Annotatable | B6: context+evidence足以独立标 | C6: 人工 | D6: ambiguous=0 | E6: 补证据/DROP | F6: annotatable report | G6: A/B/R | H6: PENDING | I6: 否 | J6: ANNOT_*
A7: G4 Diversity | B7: exact=0; near均审；分布不过度集中 | C7: 自动+R | D7: similarity>0.85 review; template>25% FAIL | E7: 替换候选 | F7: diversity report | G7: B/R | H7: PENDING | I7: 否 | J7: DEDUP_*
A8: G5 Leakage | B8: ID/content/evidence/raw/template不命中泄漏 | C8: 自动+R | D8: unresolved leak=0 | E8: DROP/重抽 | F8: leak report | G8: B/R | H8: PENDING | I8: 否 | J8: LEAK_*

Sheet 12_双盲SOP
A1: 正式双盲SOP｜Q8硬治理：两个不同人工A/B + 第三人工R
A3: 阶段 | B3: Step | C3: A | D3: B | E3: R | F3: AI | G3: 输入 | H3: 输出 | I3: PASS | J3: 红线 | K3: 停止线 | L3: 状态 | M3: 备注
A4: Calibration | B4: 1 | C4: 领取fresh context_A | D4: 领取fresh context_B | E4: 确认独立性+无泄漏 | F4: 只检查结构 | G4: 40 fresh admitted | H4: blind A/B | I4: P40 audit PASS | J4: PR31旧40默认不用 | K4: 发现污染→换样本 | L4: 未开始
A5: Calibration | B5: 2 | C5: 独立标40 | D5: 独立标40 | E5: 不提前看答案 | F5: P41 NO-ANSWER | G5: blind | H5: labels_A/B | I5: 40/40×2完整 | J5: 禁止AI label | K5: A/B互看→污染 | L5: 未开始
A6: Calibration | B6: 3 | C6: 提交锁定 | D6: 提交锁定 | E6: Kappa+裁决+freeze | F6: P50只聚类 | G6: A/B labels | H6: guideline+queue | I6: Kappa>=0.70 | J6: R不能让AI写final | K6: <0.70停Bulk | L6: 未开始
A7: Bulk | B7: 4 | C7: 25条/批独立标 | D7: 25条/批独立标 | E7: 双提交后才看 | F7: P42结构辅助 | G7: admitted batch | H7: A/B labels | I7: WIP<=2 | J7: 不得兼任 | K7: 分歧>20%停任务族 | L7: 未开始
A8: Bulk | B8: 5 | C8: 只flag疑问 | D8: 同左 | E8: 100% disagreement人工裁决 | F8: P50 affected cluster | G8: labels+evidence | H8: final_label | I8: decision_reason齐 | J8: 不能多数表决自动化 | K8: 同规则>=3停线 | L8: 未开始

Sheet 13_Runtime35
A1: Runtime35｜M3未PASS则全部保持BLOCKED_EXTERNAL
A3: Session | B3: Scenario | C3: ToolEvents | D3: M1 | E3: M2 | F3: M3 | G3: BuildHash | H3: TraceID | I3: ToolEvidence | J3: SideEffect | K3: E2ECheckpoints | L3: AI_Parse | M3: HumanVerify | N3: GoldEligible | O3: BlockReason | P3: 状态
A4: RT-01 | B4: 文件/目录 | C4: 4 | D4: PENDING | E4: PENDING | F4: PENDING | L4: PENDING | M4: 待确认 | N4: 待确认 | P4: 未开始
A5: RT-02 | B5: 应用设置 | C5: 4 | D5: PENDING | E5: PENDING | F5: PENDING | L5: PENDING | M5: 待确认 | N5: 待确认 | P5: 未开始
A6: RT-03 | B6: 备份/恢复 | C6: 4 | D6: PENDING | E6: PENDING | F6: PENDING | L6: PENDING | M6: 待确认 | N6: 待确认 | P6: 未开始
A7: RT-04 | B7: 下载/网络 | C7: 4 | D7: PENDING | E7: PENDING | F7: PENDING | L7: PENDING | M7: 待确认 | N7: 待确认 | P7: 未开始
A8: RT-05 | B8: 终端/命令 | C8: 4 | D8: PENDING | E8: PENDING | F8: PENDING | L8: PENDING | M8: 待确认 | N8: 待确认 | P8: 未开始
A9: RT-06 | B9: 安装/更新 | C9: 4 | D9: PENDING | E9: PENDING | F9: PENDING | L9: PENDING | M9: 待确认 | N9: 待确认 | P9: 未开始
A10: RT-07 | B10: 权限/确认 | C10: 4 | D10: PENDING | E10: PENDING | F10: PENDING | L10: PENDING | M10: 待确认 | N10: 待确认 | P10: 未开始
A11: RT-08 | B11: 检索/版本 | C11: 4 | D11: PENDING | E11: PENDING | F11: PENDING | L11: PENDING | M11: 待确认 | N11: 待确认 | P11: 未开始
A12: RT-09 | B12: 偏好/作用域 | C12: 4 | D12: PENDING | E12: PENDING | F12: PENDING | L12: PENDING | M12: 待确认 | N12: 待确认 | P12: 未开始
A13: RT-10 | B13: 冲突 | C13: 4 | D13: PENDING | E13: PENDING | F13: PENDING | L13: PENDING | M13: 待确认 | N13: 待确认 | P13: 未开始
A14: RT-11 | B14: 精准遗忘 | C14: 4 | D14: PENDING | E14: PENDING | F14: PENDING | L14: PENDING | M14: 待确认 | N14: 待确认 | P14: 未开始
A15: RT-12 | B15: 重启/索引 | C15: 4 | D15: PENDING | E15: PENDING | F15: PENDING | L15: PENDING | M15: 待确认 | N15: 待确认 | P15: 未开始
... A38: RT-35 | B38: 精准遗忘 | C38: 3 | D38: PENDING | E38: PENDING | F38: PENDING | L38: PENDING | M38: 待确认 | N38: 待确认 | P38: 未开始

Sheet 14_Reviewer_StopLine
A1: Reviewer + Stop-the-Line｜先修规则再修样本
A3: Priority | B3: 类型 | C3: 证据 | D3: R动作 | E3: AI动作 | F3: AI禁区 | G3: 触发回溯 | H3: 回溯范围 | I3: SLA | J3: 输出 | K3: 状态 | L3: Stop-line触发 | M3: 恢复条件 | N3: 备注
A4: P0 | B4: Security/Cross-user | C4: raw/evidence+contract | D4: 人工裁决 | E4: 聚类 | F4: final_label | G4: 是 | H4: 同规则/同family | I4: <2h | J4: decision log | K4: 未开始 | L4: 任意误放 | M4: 规则/样本修复
A5: P0 | B5: Forgetting | C5: inventory/target/must_keep | D5: 核对删对不误删 | E5: diff | F5: 猜must_keep | G5: 是 | H5: 同mode/selector | I5: <2h | J5: decision log | K5: 未开始 | L5: 同类>=3 | M5: new rule+重标
A6: P0 | B6: Conflict/Version | C6: left/right/time/version | D6: 先判能否共存 | E6: 证据并排 | F6: 顺序即冲突 | G6: 是 | H6: 同basis | I6: <2h | J6: decision log | K6: 未开始 | L6: 同类>=3 | M6: new rule+重标
A7: P1 | B7: Preference/Scope | C7: 完整context | D7: persistent vs temp | E7: 边界聚类 | F7: 默认长期化 | G7: 可能 | H7: 同scope | I7: 当天 | J7: decision log | K7: 未开始 | L7: 分歧>20% | M7: 停任务族
A8: P1 | B8: Retrieval | C8: KB/qrel/status | D8: 核对Gold refs | E8: ref比较 | F8: 词相似猜Gold | G8: 可能 | H8: 同query family | I8: 当天 | J8: decision log | K8: 未开始 | L8: 同类>=3 | M8: 修规则/qrel
A9: P1 | B9: Tool/E2E | C9: trace/side-effect | D9: 证据不足=BLOCKED | E9: 解析timeline | F9: expected=actual | G9: 否 | H9: session | I9: 当天 | J9: runtime review | K9: 未开始 | L9: 缺build/trace | M9: 补真实证据

Sheet 15_五天执行
A1: 正式5天执行顺序｜Closure/Tooling未完成时5天时钟不启动
A3: Day | B3: Time | C3: 角色 | D3: 工作 | E3: 输入 | F3: 输出 | G3: Prompt | H3: PASS | I3: FAIL动作 | J3: 计划h | K3: 缓冲h | L3: 状态 | M3: 是否外部依赖 | N3: 备注
A4: D1 | B4: 09:00-12:15 | C4: A | D4: Legacy-N语义重准入+Preference/Conflict/Forget candidate | E4: Frozen Legacy+rules | F4: requal/candidates | G4: P10/P20/P22/P23 | H4: 批次可审计 | I4: 停批修规则 | J4: 3 | K4: 1 | L4: 未开始 | M4: 否
A5: D1 | B5: 09:00-12:15 | C5: B | D5: Legacy machine audit+KB/Retrieval candidate | E5: Inventory+registry | F5: machine reports/candidates | G5: P11/P21/P30 | H5: G1/G4/G5机器项稳定 | I5: NEEDS_IMPLEMENTATION则回Tooling | J5: 3 | K5: 1 | L5: 未开始 | M5: 否
A6: D1 | B6: 09:00-12:15 | C6: R | D6: 核验Closure freeze+C1 frozen inventory ref；执行M1 Gate；监督P10/P11 requalification；fresh40 pool planning(不提前抽blind) | E6: closure reports | F6: trial fresh40 | G6: P01/P05/P70 | H6: C0-C5冻结+M1 D1 10:30 | I6: 正式Gold暂阻塞 | J6: 3 | K6: 1 | L6: 未开始 | M6: 是
A7: D1 | B7: 13:30-16:45 | C7: A/B/R | D7: Admission+候选缺口按动态配额补齐 | E7: quota plan | F7: admitted pool | G7: P30/P04 | H7: 每任务达到候选需求 | I7: 换source/seed | J7: 3 | K7: 1 | L7: 未开始 | M7: 否
A8: D2 | B8: 09:00-12:15 | C8: A/B | D8: 新40 Calibration独立双盲 | E8: fresh blind | F8: labels_A/B | G8: P41 | H8: 40×2完整 | I8: 污染则换样本 | J8: 3 | K8: 1 | L8: 未开始 | M8: 否
A9: D2 | B9: 09:00-12:15 | C9: R | D9: Kappa/裁决/Guideline freeze | E9: A/B labels | F9: guideline v4.1 | G9: P50 | H9: Kappa>=0.70 | I9: 停Bulk+重标 | J9: 3 | K9: 1 | L9: 未开始 | M9: 否
A10: D2 | B10: 13:30-16:45 | C10: A/B/R | D10: Bulk Wave1 约200 final-ready + KB QA | E10: admitted batches | F10: labels/final | G10: P42/P50 | H10: 分歧队列受控 | I10: stop-line | J10: 3 | K10: 1 | L10: 未开始 | M10: 否
A11: D3 | B11: 全天 | C11: A/B/R | D11: Bulk主体+KB400；M2/M3主仓Gate；Runtime dry-run | E11: batches+main packages | F11: majority final+gate report | G11: P42/P70/P60 | H11: M2/M3按时 | I11: Runtime BLOCKED但非Runtime继续 | J11: 6 | K11: 2 | L11: 未开始 | M11: 是
A12: D4 | B12: 全天 | C12: A/B/R | D12: 完成动态缺口；若M3 PASS执行35 Runtime；16:45冻结 | E12: final batches+frozen build | F12: Gold/Runtime evidence | G12: P42/P50/P60 | H12: 16:45生产冻结 | I12: 只补P0 | J12: 6 | K12: 2 | L12: 未开始 | M12: 是
A13: D5 | B13: 全天 | C13: A/B/R | D13: Final QA+Split+Seal generation+Release | E13: all approved | F13: DATA_RELEASE_v4.1 | G13: P80/P90/P99 | H13: 全部P0 PASS | I13: 不发布 | J13: 6 | K13: 2 | L13: 未开始 | M13: 是

Sheet 16_AI_Prompt索引
A1: AI Prompt Pack v4.1 索引｜Closure新增P01-P06
A3: Prompt | B3: 名称 | C3: 使用者 | D3: 阶段 | E3: 输出 | F3: AI禁止 | G3: 失败码 | H3: 状态 | I3: 说明 | J3: 文件
A4: P00 | B4: Preflight Operator | C4: R/B | D4: 开工 | E4: preflight report | F4: 猜冻结/文件 | G4: BLOCKED_* | H4: 可用 | I4: 原v4保留 | J4: PromptPack v4.1
A5: P01 | B5: Legacy Inventory Freezer | C5: B/R | D5: Closure C1 | E5: inventory+hash+candidate Legacy-N | F5: 反推=265 | G5: INVENTORY_NOT_FROZEN | H5: 可用 | I5: Q1
A6: P02 | B6: Seal Revocation Manager | C6: R/B | D6: Closure C2/D5 | E6: audit/revoke/reseal plan | F6: 覆盖旧seal | G6: SEALED_LEAK | H6: 可用 | I6: Q2
A7: P03 | B7: Tooling Bootstrap Agent | C7: B/R | D7: Closure C3 | E7: tool existence/test/gap+implementation plan | F7: 假装脚本存在 | G7: NEEDS_IMPLEMENTATION | H7: 可用 | I7: Q3
A8: P04 | B8: Dynamic Quota Planner | C8: R/B | D8: Closure/每日 | E8: new_needed+candidates by task | F8: 用Runtime legacy抵扣 | G8: QUOTA_INCONSISTENT | H8: 可用 | I8: Q7
A9: P05 | B9: Calibration Reuse Auditor | C9: R | D9: Closure C4 | E9: HISTORY_ONLY/fresh decision | F9: 默认复用旧40 | G9: TRIAL_CONTAMINATED | H9: 可用 | I9: Q6
A10: P06 | B10: Human Independence Gate | C10: R | D10: Closure C0 | E10: A/B/R独立性判定 | F10: AI补成人数 | G10: INDEPENDENCE_FAIL | H10: 可用 | I10: Q8
A11: P10/P11 | B11: Legacy Requal | C11: A/B | D11: D1 | E11: 语义建议+机器审计 | F11: 写human decision | G11: NEEDS_REVIEW | H11: 可用
A12: P20-23 | B12: Candidate Factory | C12: A/B | D12: D1 | E12: candidate_only | F12: final Gold | G12: CANDIDATE_ONLY | H12: 可用
A13: P30 | B13: Admission Auditor | C13: A/B/R | D13: 持续 | E13: G1-G5 | F13: 降门槛 | G13: ADMISSION_FAIL | H13: 可用
A14: P40/P41 | B14: Blind Builder/NO ANSWER | C14: R/A/B | D14: D2 | E14: fresh blind/结构辅助 | F14: 给label答案 | G14: AI_LABEL_FORBIDDEN | H14: 可用
A15: P42/P50 | B15: Bulk/Reviewer Cluster | C15: A/B/R | D15: D2-D4 | E15: batch status/disagreement cluster | F15: 自动final_label | G15: STOP_THE_LINE_* | H15: 可用
A16: P60/P70 | B16: Runtime/Main Gate | C16: B/R | D16: D3-D4 | E16: actual evidence/M1-M3 | F16: expected=actual | G16: BLOCKED_RUNTIME | H16: 可用
A17: P80/P90/P99 | B17: QA/Seal/Daily | C17: A/B/R | D17: D5 | E17: qa/release/daily | F17: 改Gold语义 | G17: RELEASE_BLOCKED | H17: 可用

Sheet 17_AI会话日志
A1: AI Session Log｜每次AI参与均登记
A3: session_id | B3: date_time | C3: operator | D3: role | E3: prompt_id | F3: prompt_version | G3: model | H3: input_paths | I3: output_path | J3: ai_status | K3: human_adoption | L3: notes

Sheet 18_Dashboard
A1: Data v4.1 Dashboard｜Closure完成度 + 动态缺口 + Release事实
A3: KPI | B3: 值 | D3: 判定 | E3: 绿线 | F3: 黄线 | G3: 红线 | H3: 当前 | I3: 含义 | J3: 下一步 | K3: Owner | L3: 备注
A4: Q1-Q8 PASS | B4: =COUNTIF('01_Closure_Q1-Q8'!J4:J11,"PASS") | D4: Closure | E4: 8/8 PASS | F4: 6-7 PASS | G4: <6或任一P0 FAIL | H4: =B4 | I4: 正式5天是否可启动 | K4: R
A5: Legacy集合状态 | B5: ='02_LegacyInventory'!S9 | D5: Legacy | E5: SET_FROZEN | F5: 盘点中 | G5: 未盘点/混乱 | H5: =B5 | I5: Q1 | K5: B/R
A6: Legacy IN_SCOPE | B6: ='02_LegacyInventory'!S5 | D6: Calibration | E6: Kappa>=0.70 | F6: 0.65-0.70 | G6: <0.65 | H6: 人工填写Kappa | I6: 新40，不默认复用PR31 | K6: R
A7: Legacy已完成人工Decision | B7: =COUNTIFS('03_LegacyRequal'!B4:B503,"<>",'03_LegacyRequal'!R4:R503,"完成") | D7: Bulk | E7: 分歧<=12% | F7: 12-20% | G7: >20% | H7: 人工填写分歧率 | I7: 微批健康度 | K7: A/B/R
A8: Accepted Legacy Gold | B8: ='04_动态配额'!C10 | D8: Runtime | E8: 35+证据齐 | F8: 25-34 | G8: M3 BLOCKED/<25 | H8: =B12 | I8: 外部依赖 | K8: B/R
A9: 新Gold缺口 | B9: ='04_动态配额'!D10 | D9: Seal | E9: 新generation APPROVED | F9: PENDING_REVIEW | G9: REVOKED/Leak未清 | H9: 人工填写seal status | I9: Q2 | K9: R
A10: Candidate需求 | B10: ='04_动态配额'!F10 | D10: Release | E10: P0全PASS | F10: 少量P1 | G10: 任一P0 FAIL | H10: 人工填写release status | I10: 最终发布 | K10: R
A11: M1/M2/M3 PASS数 | B11: =COUNTIF('09_主仓依赖Gate'!G4:G7,"PASS")
A12: Runtime完成 | B12: =COUNTIF('13_Runtime35'!P4:P38,"完成")
A13: 正式5天任务完成率 | B13: =COUNTIF('15_五天执行'!L4:L13,"完成")/COUNTA('15_五天执行'!A4:A13)
A14: Release Ready
